{
  "trajectory": [
    [
      -0.0016411782186662041,
      0.005512302503537601,
      0.8133579802664879
    ],
    [
      -0.01981116245261416,
      0.06989084407015939,
      0.25536104249855285
    ]
  ],
  "orientations": [
    [
      -0.3017905680408979,
      -0.44326705723450255,
      -0.040646941117659985
    ],
    [
      -1.4627400292129562,
      -1.5707963267948966,
      -0.04023918493208001
    ]
  ],
  "velocities": [
    [
      -0.0744113263551605,
      0.06405410185704696,
      -1.837150853923105
    ],
    [
      -0.10728851598431907,
      0.5797313138091709,
      -3.742818523756245
    ]
  ],
  "rewards": [
    -0.4588387088496527,
    -199.0357428507484
  ],
  "goal_position": 0.05,
  "narrow_gap": {
    "center": [
      0.0,
      0.0,
      0.0
    ],
    "gap_length": 1.41,
    "gap_height": 0.6900000000000001,
    "gap_thickness": 0.1,
    "rotation": 0.15983697432828,
    "tilt": 0.0460012114695478
  },
  "total_steps": 2,
  "goal_achieved": false
}