{
  "trajectory": [
    [
      -0.0061239013829255465,
      0.059143506400947274,
      0.9260806531219775
    ],
    [
      -0.009971769468224383,
      0.2448639277989239,
      0.6017404000624768
    ],
    [
      -0.021315952333594592,
      0.5823308300275251,
      -0.1798907129897216
    ]
  ],
  "orientations": [
    [
      -0.24491872090899847,
      -0.0914806086726947,
      -0.041748729421350994
    ],
    [
      -1.2662135894457762,
      0.09133899214866803,
      -0.09241182061637643
    ],
    [
      -2.6856421646659925,
      0.25781251133954486,
      -0.16012369249261127
    ]
  ],
  "velocities": [
    [
      -0.08063415155024249,
      0.4323790732682496,
      -0.804313004258302
    ],
    [
      0.04215547069725413,
      1.4248251407115164,
      -2.439089526336705
    ],
    [
      -0.15559729935095623,
      1.9498438815744956,
      -5.377221604185278
    ]
  ],
  "rewards": [
    0.03216594415324334,
    1.007308217786321,
    -199.80887728918546
  ],
  "goal_position": 0.05,
  "narrow_gap": {
    "center": [
      0.0,
      0.0,
      0.0
    ],
    "gap_length": 1.41,
    "gap_height": 0.6900000000000001,
    "gap_thickness": 0.1,
    "rotation": -0.057223297594778046,
    "tilt": 0.03031949934653127
  },
  "total_steps": 3,
  "goal_achieved": false
}