{
  "trajectory": [
    [
      0.042324759796203336,
      0.0746614852886159,
      0.8537338620454762
    ],
    [
      0.18624003090401092,
      0.16855591614975815,
      0.3439356049027966
    ]
  ],
  "orientations": [
    [
      -1.0876804662922277,
      1.1156221339617796,
      0.027417987091347573
    ],
    [
      2.22640669481196,
      -1.5707963267948966,
      0.05603817697187674
    ]
  ],
  "velocities": [
    [
      0.4131362166173341,
      0.8452187591526624,
      -1.5925384542925616
    ],
    [
      1.026016494460742,
      0.09372554945876022,
      -3.5054441171342337
    ]
  ],
  "rewards": [
    -0.13598154403582036,
    -199.40158907006062
  ],
  "goal_position": 0.05,
  "narrow_gap": {
    "center": [
      0.0,
      0.0,
      0.0
    ],
    "gap_length": 1.41,
    "gap_height": 0.6900000000000001,
    "gap_thickness": 0.1,
    "rotation": 0.02096114615266065,
    "tilt": -0.013674210348285263
  },
  "total_steps": 2,
  "goal_achieved": false
}