{
  "trajectory": [
    [
      0.010883629155449817,
      0.03216495008698351,
      0.8407174611712801
    ],
    [
      0.03788559690845435,
      0.15572851777978827,
      0.32030448403613654
    ]
  ],
  "orientations": [
    [
      -0.7383062600907278,
      0.11162625885395361,
      -0.01774985011286434
    ],
    [
      -1.8625033814712295,
      -0.7160825074477564,
      -0.04256350145143095
    ]
  ],
  "velocities": [
    [
      0.06715942163595538,
      0.3379372354811938,
      -1.5772518057676521
    ],
    [
      0.20286025589408996,
      0.8976984414468537,
      -3.6268779655837835
    ]
  ],
  "rewards": [
    0.2003811812552032,
    -199.00370950245912
  ],
  "goal_position": 0.05,
  "narrow_gap": {
    "center": [
      0.0,
      0.0,
      0.0
    ],
    "gap_length": 1.41,
    "gap_height": 0.6900000000000001,
    "gap_thickness": 0.1,
    "rotation": -0.002775422686071301,
    "tilt": 0.15908736010615268
  },
  "total_steps": 2,
  "goal_achieved": false
}