{
  "trajectory": [
    [
      0.021369926917018982,
      0.0674510711341891,
      0.8023343307733887
    ],
    [
      -0.024488196302358236,
      0.2793871461107876,
      0.24656593494768397
    ]
  ],
  "orientations": [
    [
      -1.178101673017223,
      0.8086006577968039,
      0.001970863373904841
    ],
    [
      -2.733538846114639,
      1.5707963267948966,
      -0.0619653352836016
    ]
  ],
  "velocities": [
    [
      0.24535134127292285,
      0.8347578727182663,
      -1.828703415590612
    ],
    [
      -0.7039325734666952,
      1.2846028770477185,
      -3.728980542666435
    ]
  ],
  "rewards": [
    0.00016326263470067826,
    -199.69271293081152
  ],
  "goal_position": 0.05,
  "narrow_gap": {
    "center": [
      0.0,
      0.0,
      0.0
    ],
    "gap_length": 1.41,
    "gap_height": 0.6900000000000001,
    "gap_thickness": 0.1,
    "rotation": -0.2604653372231435,
    "tilt": -0.015682205681814474
  },
  "total_steps": 2,
  "goal_achieved": false
}